Stepper Position,Predicted Frequency
969631,13986307
969639,13986387
969647,13986467
969655,13986547
969664,13986637
969672,13986717
969680,13986797
969688,13986877
969696,13986957
969704,13987037
969712,13987117
969721,13987207
969729,13987287
969737,13987367
969745,13987447
969753,13987527
969761,13987607
969770,13987697
969778,13987777
969786,13987858
969794,13987938
969802,13988018
969810,13988098
969818,13988178
969827,13988268
969835,13988348
969843,13988428
969851,13988508
969859,13988588
969867,13988668
969875,13988748
969884,13988838
969892,13988918
969900,13988998
969908,13989078
969916,13989158
969924,13989238
969933,13989328
969941,13989408
969949,13989488
969957,13989568
969965,13989648
969973,13989728
969981,13989808
969990,13989898
969998,13989978
970006,13990058
970014,13990138
970022,13990218
970030,13990298
970038,13990378
970047,13990468
970055,13990548
970063,13990628
970071,13990708
970079,13990788
970087,13990868
970096,13990958
970104,13991039
970112,13991119
970120,13991199
970128,13991279
970136,13991359
970144,13991439
970153,13991529
970161,13991609
970169,13991689
970177,13991769
970185,13991849
970193,13991929
970201,13992009
970210,13992099
970218,13992179
970226,13992259
970234,13992339
970242,13992419
970250,13992499
970259,13992589
970267,13992669
970275,13992749
970283,13992829
970291,13992909
970299,13992989
970307,13993069
970316,13993159
970324,13993239
970332,13993319
970340,13993399
970348,13993479
970356,13993559
970364,13993640
970373,13993730
970381,13993810
970389,13993890
970397,13993970
970405,13994050
970413,13994130
970422,13994220
970430,13994300
970438,13994380
970446,13994460
970454,13994540
970462,13994620
970470,13994700
970479,13994790
970487,13994870
970495,13994950
970503,13995030
970511,13995110
970519,13995190
970527,13995270
970536,13995360
970544,13995440
970552,13995520
970560,13995600
970568,13995680
970576,13995760
970585,13995851
970593,13995931
970601,13996011
970609,13996091
970617,13996171
970625,13996251
970633,13996331
970642,13996421
970650,13996501
970658,13996581
970666,13996661
970674,13996741
970682,13996821
970690,13996901
970699,13996991
970707,13997071
970715,13997151
970723,13997231
970731,13997311
970739,13997391
970747,13997471
970756,13997561
970764,13997641
970772,13997721
970780,13997802
970788,13997882
970796,13997962
970805,13998052
970813,13998132
970821,13998212
970829,13998292
970837,13998372
970845,13998452
970853,13998532
970862,13998622
970870,13998702
970878,13998782
970886,13998862
970894,13998942
970902,13999022
970910,13999102
970919,13999192
970927,13999272
970935,13999352
970943,13999432
970951,13999512
970959,13999593
970968,13999683
970976,13999763
970984,13999843
970992,13999923
971000,14000003
971008,14000083
971016,14000163
971025,14000253
971033,14000333
971041,14000413
971049,14000493
971057,14000573
971065,14000653
971073,14000733
971082,14000823
971090,14000903
971098,14000983
971106,14001063
971114,14001143
971122,14001224
971131,14001314
971139,14001394
971147,14001474
971155,14001554
971163,14001634
971171,14001714
971179,14001794
971188,14001884
971196,14001964
971204,14002044
971212,14002124
971220,14002204
971228,14002284
971236,14002364
971245,14002454
971253,14002534
971261,14002614
971269,14002694
971277,14002775
971285,14002855
971294,14002945
971302,14003025
971310,14003105
971318,14003185
971326,14003265
971334,14003345
971342,14003425
971351,14003515
971359,14003595
971367,14003675
971375,14003755
971383,14003835
971391,14003915
971399,14003995
971408,14004085
971416,14004165
971424,14004246
971432,14004326
971440,14004406
971448,14004486
971457,14004576
971465,14004656
971473,14004736
971481,14004816
971489,14004896
971497,14004976
971505,14005056
971514,14005146
971522,14005226
971530,14005306
971538,14005386
971546,14005466
971554,14005546
971562,14005627
971571,14005717
971579,14005797
971587,14005877
971595,14005957
971603,14006037
971611,14006117
971620,14006207
971628,14006287
971636,14006367
971644,14006447
971652,14006527
971660,14006607
971668,14006687
971677,14006777
971685,14006857
971693,14006938
971701,14007018
971709,14007098
971717,14007178
971725,14007258
971734,14007348
971742,14007428
971750,14007508
971758,14007588
971766,14007668
971774,14007748
971783,14007838
971791,14007918
971799,14007998
971807,14008078
971815,14008159
971823,14008239
971831,14008319
971840,14008409
971848,14008489
971856,14008569
971864,14008649
971872,14008729
971880,14008809
971888,14008889
971897,14008979
971905,14009059
971913,14009139
971921,14009219
971929,14009299
971937,14009380
971945,14009460
971954,14009550
971962,14009630
971970,14009710
971978,14009790
971986,14009870
971994,14009950
972003,14010040
972011,14010120
972019,14010200
972027,14010280
972035,14010360
972043,14010440
972051,14010521
972060,14010611
972068,14010691
972076,14010771
972084,14010851
972092,14010931
972100,14011011
972108,14011091
972117,14011181
972125,14011261
972133,14011341
972141,14011421
972149,14011501
972157,14011581
972166,14011672
972174,14011752
972182,14011832
972190,14011912
972198,14011992
972206,14012072
972214,14012152
972223,14012242
972231,14012322
972239,14012402
972247,14012482
972255,14012562
972263,14012642
972271,14012722
972280,14012813
972288,14012893
972296,14012973
972304,14013053
972312,14013133
972320,14013213
972329,14013303
972337,14013383
972345,14013463
972353,14013543
972361,14013623
972369,14013703
972377,14013783
972386,14013874
972394,14013954
972402,14014034
972410,14014114
972418,14014194
972426,14014274
972434,14014354
972443,14014444
972451,14014524
972459,14014604
972467,14014684
972475,14014764
972483,14014845
972492,14014935
972500,14015015
972508,14015095
972516,14015175
972524,14015255
972532,14015335
972540,14015415
972549,14015505
972557,14015585
972565,14015665
972573,14015745
972581,14015826
972589,14015906
972597,14015986
972606,14016076
972614,14016156
972622,14016236
972630,14016316
972638,14016396
972646,14016476
972655,14016566
972663,14016646
972671,14016726
972679,14016807
972687,14016887
972695,14016967
972703,14017047
972712,14017137
972720,14017217
972728,14017297
972736,14017377
972744,14017457
972752,14017537
972760,14017617
972769,14017707
972777,14017788
972785,14017868
972793,14017948
972801,14018028
972809,14018108
972818,14018198
972826,14018278
972834,14018358
972842,14018438
972850,14018518
972858,14018598
972866,14018679
972875,14018769
972883,14018849
972891,14018929
972899,14019009
972907,14019089
972915,14019169
972923,14019249
972932,14019339
972940,14019419
972948,14019499
972956,14019579
972964,14019660
972972,14019740
972980,14019820
972989,14019910
972997,14019990
973005,14020070
973013,14020150
973021,14020230
973029,14020310
973038,14020400
973046,14020481
973054,14020561
973062,14020641
973070,14020721
973078,14020801
973086,14020881
973095,14020971
973103,14021051
973111,14021131
973119,14021211
973127,14021291
973135,14021372
973143,14021452
973152,14021542
973160,14021622
973168,14021702
973176,14021782
973184,14021862
973192,14021942
973201,14022032
973209,14022112
973217,14022192
973225,14022273
973233,14022353
973241,14022433
973249,14022513
973258,14022603
973266,14022683
973274,14022763
973282,14022843
973290,14022923
973298,14023003
973306,14023084
973315,14023174
973323,14023254
973331,14023334
973339,14023414
973347,14023494
973355,14023574
973364,14023664
973372,14023744
973380,14023824
973388,14023905
973396,14023985
973404,14024065
973412,14024145
973421,14024235
973429,14024315
973437,14024395
973445,14024475
973453,14024555
973461,14024635
973469,14024716
973478,14024806
973486,14024886
973494,14024966
973502,14025046
973510,14025126
973518,14025206
973527,14025296
973535,14025376
973543,14025456
973551,14025537
973559,14025617
973567,14025697
973575,14025777
973584,14025867
973592,14025947
973600,14026027
973608,14026107
973616,14026187
973624,14026268
973632,14026348
973641,14026438
973649,14026518
973657,14026598
973665,14026678
973673,14026758
973681,14026838
973690,14026928
973698,14027008
973706,14027089
973714,14027169
973722,14027249
973730,14027329
973738,14027409
973747,14027499
973755,14027579
973763,14027659
973771,14027739
973779,14027820
973787,14027900
973795,14027980
973804,14028070
973812,14028150
973820,14028230
973828,14028310
973836,14028390
973844,14028470
973853,14028561
973861,14028641
973869,14028721
973877,14028801
973885,14028881
973893,14028961
973901,14029041
973910,14029131
973918,14029211
973926,14029292
973934,14029372
973942,14029452
973950,14029532
973958,14029612
973967,14029702
973975,14029782
973983,14029862
973991,14029942
973999,14030023
974007,14030103
974016,14030193
974024,14030273
974032,14030353
974040,14030433
974048,14030513
974056,14030593
974064,14030673
974073,14030764
974081,14030844
974089,14030924
974097,14031004
974105,14031084
974113,14031164
974121,14031244
974130,14031334
974138,14031414
974146,14031495
974154,14031575
974162,14031655
974170,14031735
974178,14031815
974187,14031905
974195,14031985
974203,14032065
974211,14032146
974219,14032226
974227,14032306
974236,14032396
974244,14032476
974252,14032556
974260,14032636
974268,14032716
974276,14032796
974284,14032877
974293,14032967
974301,14033047
974309,14033127
974317,14033207
974325,14033287
974333,14033367
974341,14033447
974350,14033538
974358,14033618
974366,14033698
974374,14033778
974382,14033858
974390,14033938
974399,14034028
974407,14034108
974415,14034189
974423,14034269
974431,14034349
974439,14034429
974447,14034509
974456,14034599
974464,14034679
974472,14034759
974480,14034839
974488,14034920
974496,14035000
974504,14035080
974513,14035170
974521,14035250
974529,14035330
974537,14035410
974545,14035490
974553,14035571
974562,14035661
974570,14035741
974578,14035821
974586,14035901
974594,14035981
974602,14036061
974610,14036141
974619,14036232
974627,14036312
974635,14036392
974643,14036472
974651,14036552
974659,14036632
974667,14036712
974676,14036802
974684,14036883
974692,14036963
974700,14037043
974708,14037123
974716,14037203
974725,14037293
974733,14037373
974741,14037454
974749,14037534
974757,14037614
974765,14037694
974773,14037774
974782,14037864
974790,14037944
974798,14038024
974806,14038105
974814,14038185
974822,14038265
974830,14038345
974839,14038435
974847,14038515
974855,14038595
974863,14038675
974871,14038756
974879,14038836
974888,14038926
974896,14039006
974904,14039086
974912,14039166
974920,14039246
974928,14039327
974936,14039407
974945,14039497
974953,14039577
974961,14039657
974969,14039737
974977,14039817
974985,14039897
974993,14039978
975002,14040068
975010,14040148
975018,14040228
975026,14040308
975034,14040388
975042,14040468
975051,14040559
975059,14040639
975067,14040719
975075,14040799
975083,14040879
975091,14040959
975099,14041039
975108,14041129
975116,14041210
975124,14041290
975132,14041370
975140,14041450
975148,14041530
975156,14041610
975165,14041700
975173,14041781
975181,14041861
975189,14041941
975197,14042021
975205,14042101
975213,14042181
975222,14042271
975230,14042352
975238,14042432
975246,14042512
975254,14042592
975262,14042672
975271,14042762
975279,14042842
975287,14042923
975295,14043003
975303,14043083
975311,14043163
975319,14043243
975328,14043333
975336,14043413
975344,14043494
975352,14043574
975360,14043654
975368,14043734
975376,14043814
975385,14043904
975393,14043984
975401,14044065
975409,14044145
975417,14044225
975425,14044305
975434,14044395
975442,14044475
975450,14044555
975458,14044636
975466,14044716
975474,14044796
975482,14044876
975491,14044966
975499,14045046
975507,14045126
975515,14045207
975523,14045287
975531,14045367
975539,14045447
975548,14045537
975556,14045617
975564,14045697
975572,14045778
975580,14045858
975588,14045938
975597,14046028
975605,14046108
975613,14046188
975621,14046268
975629,14046349
975637,14046429
975645,14046509
975654,14046599
975662,14046679
975670,14046759
975678,14046839
975686,14046920
975694,14047000
975702,14047080
975711,14047170
975719,14047250
975727,14047330
975735,14047410
975743,14047491
975751,14047571
975760,14047661
975768,14047741
975776,14047821
975784,14047901
975792,14047982
975800,14048062
975808,14048142
975817,14048232
975825,14048312
975833,14048392
975841,14048472
975849,14048553
975857,14048633
975865,14048713
975874,14048803
975882,14048883
975890,14048963
975898,14049044
975906,14049124
975914,14049204
975923,14049294
975931,14049374
975939,14049454
975947,14049534
975955,14049615
975963,14049695
975971,14049775
975980,14049865
975988,14049945
975996,14050025
976004,14050106
976012,14050186
976020,14050266
976028,14050346
976037,14050436
976045,14050516
976053,14050596
976061,14050677
976069,14050757
976077,14050837
976086,14050927
976094,14051007
976102,14051087
976110,14051168
976118,14051248
976126,14051328
976134,14051408
976143,14051498
976151,14051578
976159,14051659
976167,14051739
976175,14051819
976183,14051899
976191,14051979
976200,14052069
976208,14052149
976216,14052230
976224,14052310
976232,14052390
976240,14052470
976248,14052550
976257,14052640
976265,14052721
976273,14052801
976281,14052881
976289,14052961
976297,14053041
976306,14053131
976314,14053212
976322,14053292
976330,14053372
976338,14053452
976346,14053532
976354,14053612
976363,14053703
976371,14053783
976379,14053863
976387,14053943
976395,14054023
976403,14054103
976411,14054183
976420,14054274
976428,14054354
976436,14054434
976444,14054514
976452,14054594
976460,14054674
976469,14054765
976477,14054845
976485,14054925
976493,14055005
976501,14055085
976509,14055165
976517,14055246
976526,14055336
976534,14055416
976542,14055496
976550,14055576
976558,14055656
976566,14055737
976574,14055817
976583,14055907
976591,14055987
976599,14056067
976607,14056147
976615,14056228
976623,14056308
976632,14056398
976640,14056478
976648,14056558
976656,14056638
976664,14056719
976672,14056799
976680,14056879
976689,14056969
976697,14057049
976705,14057130
976713,14057210
976721,14057290
976729,14057370
976737,14057450
976746,14057540
976754,14057621
976762,14057701
976770,14057781
976778,14057861
976786,14057941
976795,14058031
976803,14058112
976811,14058192
976819,14058272
976827,14058352
976835,14058432
976843,14058512
976852,14058603
976860,14058683
976868,14058763
976876,14058843
976884,14058923
976892,14059003
976900,14059084
976909,14059174
976917,14059254
976925,14059334
976933,14059414
976941,14059495
976949,14059575
976958,14059665
976966,14059745
976974,14059825
976982,14059905
976990,14059986
976998,14060066
977006,14060146
977015,14060236
977023,14060316
977031,14060396
977039,14060477
977047,14060557
977055,14060637
977063,14060717
977072,14060807
977080,14060888
977088,14060968
977096,14061048
977104,14061128
977112,14061208
977121,14061298
977129,14061379
977137,14061459
977145,14061539
977153,14061619
977161,14061699
977169,14061779
977178,14061870
977186,14061950
977194,14062030
977202,14062110
977210,14062190
977218,14062271
977226,14062351
977235,14062441
977243,14062521
977251,14062601
977259,14062681
977267,14062762
977275,14062842
977284,14062932
977292,14063012
977300,14063092
977308,14063173
977316,14063253
977324,14063333
977332,14063413
977341,14063503
977349,14063583
977357,14063664
977365,14063744
977373,14063824
977381,14063904
977389,14063984
977398,14064075
977406,14064155
977414,14064235
977422,14064315
977430,14064395
977438,14064475
977446,14064556
977455,14064646
977463,14064726
977471,14064806
977479,14064886
977487,14064967
977495,14065047
977504,14065137
977512,14065217
977520,14065297
977528,14065378
977536,14065458
977544,14065538
977552,14065618
977561,14065708
977569,14065788
977577,14065869
977585,14065949
977593,14066029
977601,14066109
977609,14066189
977618,14066280
977626,14066360
977634,14066440
977642,14066520
977650,14066600
977658,14066681
977667,14066771
977675,14066851
977683,14066931
977691,14067011
977699,14067092
977707,14067172
977715,14067252
977724,14067342
977732,14067422
977740,14067502
977748,14067583
977756,14067663
977764,14067743
977772,14067823
977781,14067913
977789,14067994
977797,14068074
977805,14068154
977813,14068234
977821,14068314
977830,14068405
977838,14068485
977846,14068565
977854,14068645
977862,14068725
977870,14068806
977878,14068886
977887,14068976
977895,14069056
977903,14069136
977911,14069217
977919,14069297
977927,14069377
977935,14069457
977944,14069547
977952,14069628
977960,14069708
977968,14069788
977976,14069868
977984,14069948
977993,14070039
978001,14070119
978009,14070199
978017,14070279
978025,14070359
978033,14070439
978041,14070520
978050,14070610
978058,14070690
978066,14070770
978074,14070850
978082,14070931
978090,14071011
978098,14071091
978107,14071181
978115,14071261
978123,14071342
978131,14071422
978139,14071502
978147,14071582
978156,14071672
978164,14071753
978172,14071833
978180,14071913
978188,14071993
978196,14072073
978204,14072154
978213,14072244
978221,14072324
978229,14072404
978237,14072484
978245,14072565
978253,14072645
978261,14072725
978270,14072815
978278,14072895
978286,14072976
978294,14073056
978302,14073136
978310,14073216
978319,14073307
978327,14073387
978335,14073467
978343,14073547
978351,14073627
978359,14073708
978367,14073788
978376,14073878
978384,14073958
978392,14074038
978400,14074119
978408,14074199
978416,14074279
978424,14074359
978433,14074449
978441,14074530
978449,14074610
978457,14074690
978465,14074770
978473,14074850
978481,14074931
978490,14075021
978498,14075101
978506,14075181
978514,14075261
978522,14075342
978530,14075422
978539,14075512
978547,14075592
978555,14075672
978563,14075753
978571,14075833
978579,14075913
978587,14075993
978596,14076084
978604,14076164
978612,14076244
978620,14076324
978628,14076404
978636,14076485
978644,14076565
978653,14076655
978661,14076735
978669,14076815
978677,14076896
978685,14076976
978693,14077056
978702,14077146
978710,14077226
978718,14077307
978726,14077387
978734,14077467
978742,14077547
978750,14077628
978759,14077718
978767,14077798
978775,14077878
978783,14077958
978791,14078039
978799,14078119
978807,14078199
978816,14078289
978824,14078369
978832,14078450
978840,14078530
978848,14078610
978856,14078690
978865,14078781
978873,14078861
978881,14078941
978889,14079021
978897,14079101
978905,14079182
978913,14079262
978922,14079352
978930,14079432
978938,14079512
978946,14079593
978954,14079673
978962,14079753
978970,14079833
978979,14079924
978987,14080004
978995,14080084
979003,14080164
979011,14080244
979019,14080325
979028,14080415
979036,14080495
979044,14080575
979052,14080656
979060,14080736
979068,14080816
979076,14080896
979085,14080986
979093,14081067
979101,14081147
979109,14081227
979117,14081307
979125,14081387
979133,14081468
979142,14081558
979150,14081638
979158,14081718
979166,14081799
979174,14081879
979182,14081959
979191,14082049
979199,14082129
979207,14082210
979215,14082290
979223,14082370
979231,14082450
979239,14082531
979248,14082621
979256,14082701
979264,14082781
979272,14082861
979280,14082942
979288,14083022
979296,14083102
979305,14083192
979313,14083273
979321,14083353
979329,14083433
979337,14083513
979345,14083593
979354,14083684
979362,14083764
979370,14083844
979378,14083924
979386,14084005
979394,14084085
979402,14084165
979411,14084255
979419,14084336
979427,14084416
979435,14084496
979443,14084576
979451,14084656
979459,14084737
979468,14084827
979476,14084907
979484,14084987
979492,14085068
979500,14085148
979508,14085228
979517,14085318
979525,14085398
979533,14085479
979541,14085559
979549,14085639
979557,14085719
979565,14085800
979574,14085890
979582,14085970
979590,14086050
979598,14086131
979606,14086211
979614,14086291
979622,14086371
979631,14086461
979639,14086542
979647,14086622
979655,14086702
979663,14086782
979671,14086863
979679,14086943
979688,14087033
979696,14087113
979704,14087194
979712,14087274
979720,14087354
979728,14087434
979737,14087524
979745,14087605
979753,14087685
979761,14087765
979769,14087845
979777,14087926
979785,14088006
979794,14088096
979802,14088176
979810,14088257
979818,14088337
979826,14088417
979834,14088497
979842,14088578
979851,14088668
979859,14088748
979867,14088828
979875,14088908
979883,14088989
979891,14089069
979900,14089159
979908,14089239
979916,14089320
979924,14089400
979932,14089480
979940,14089560
979948,14089641
979957,14089731
979965,14089811
979973,14089891
979981,14089972
979989,14090052
979997,14090132
980005,14090212
980014,14090302
980022,14090383
980030,14090463
980038,14090543
980046,14090623
980054,14090704
980063,14090794
980071,14090874
980079,14090954
980087,14091035
980095,14091115
980103,14091195
980111,14091275
980120,14091366
980128,14091446
980136,14091526
980144,14091606
980152,14091687
980160,14091767
980168,14091847
980177,14091937
980185,14092018
980193,14092098
980201,14092178
980209,14092258
980217,14092338
980226,14092429
980234,14092509
980242,14092589
980250,14092669
980258,14092750
980266,14092830
980274,14092910
980283,14093000
980291,14093081
980299,14093161
980307,14093241
980315,14093321
980323,14093402
980331,14093482
980340,14093572
980348,14093652
980356,14093733
980364,14093813
980372,14093893
980380,14093973
980389,14094064
980397,14094144
980405,14094224
980413,14094304
980421,14094385
980429,14094465
980437,14094545
980446,14094635
980454,14094716
980462,14094796
980470,14094876
980478,14094956
980486,14095037
980494,14095117
980503,14095207
980511,14095287
980519,14095368
980527,14095448
980535,14095528
980543,14095608
980552,14095699
980560,14095779
980568,14095859
980576,14095939
980584,14096020
980592,14096100
980600,14096180
980609,14096270
980617,14096351
980625,14096431
980633,14096511
980641,14096591
980649,14096672
980657,14096752
980666,14096842
980674,14096922
980682,14097003
980690,14097083
980698,14097163
980706,14097243
980714,14097324
980723,14097414
980731,14097494
980739,14097574
980747,14097655
980755,14097735
980763,14097815
980772,14097905
980780,14097986
980788,14098066
980796,14098146
980804,14098226
980812,14098307
980820,14098387
980829,14098477
980837,14098557
980845,14098638
980853,14098718
980861,14098798
980869,14098878
980877,14098959
980886,14099049
980894,14099129
980902,14099209
980910,14099290
980918,14099370
980926,14099450
980935,14099541
980943,14099621
980951,14099701
980959,14099781
980967,14099862
980975,14099942
980983,14100022
980992,14100112
981000,14100193
981008,14100273
981016,14100353
981024,14100433
981032,14100514
981040,14100594
981049,14100684
981057,14100764
981065,14100845
981073,14100925
981081,14101005
981089,14101085
981098,14101176
981106,14101256
981114,14101336
981122,14101416
981130,14101497
981138,14101577
981146,14101657
981155,14101748
981163,14101828
981171,14101908
981179,14101988
981187,14102069
981195,14102149
981203,14102229
981212,14102319
981220,14102400
981228,14102480
981236,14102560
981244,14102640
981252,14102721
981261,14102811
981269,14102891
981277,14102971
981285,14103052
981293,14103132
981301,14103212
981309,14103293
981318,14103383
981326,14103463
981334,14103543
981342,14103624
981350,14103704
981358,14103784
981366,14103864
981375,14103955
981383,14104035
981391,14104115
981399,14104195
981407,14104276
981415,14104356
981424,14104446
981432,14104527
981440,14104607
981448,14104687
981456,14104767
981464,14104848
981472,14104928
981481,14105018
981489,14105098
981497,14105179
981505,14105259
981513,14105339
981521,14105419
981529,14105500
981538,14105590
981546,14105670
981554,14105751
981562,14105831
981570,14105911
981578,14105991
981587,14106082
981595,14106162
981603,14106242
981611,14106322
981619,14106403
981627,14106483
981635,14106563
981644,14106654
981652,14106734
981660,14106814
981668,14106894
981676,14106975
981684,14107055
981692,14107135
981701,14107225
981709,14107306
981717,14107386
981725,14107466
981733,14107547
981741,14107627
981749,14107707
981758,14107797
981766,14107878
981774,14107958
981782,14108038
981790,14108118
981798,14108199
981807,14108289
981815,14108369
981823,14108450
981831,14108530
981839,14108610
981847,14108690
981855,14108771
981864,14108861
981872,14108941
981880,14109021
981888,14109102
981896,14109182
981904,14109262
981912,14109343
981921,14109433
981929,14109513
981937,14109593
981945,14109674
981953,14109754
981961,14109834
981970,14109925
981978,14110005
981986,14110085
981994,14110165
982002,14110246
982010,14110326
982018,14110406
982027,14110496
982035,14110577
982043,14110657
982051,14110737
982059,14110818
982067,14110898
982075,14110978
982084,14111068
982092,14111149
982100,14111229
982108,14111309
982116,14111390
982124,14111470
982133,14111560
982141,14111640
982149,14111721
982157,14111801
982165,14111881
982173,14111962
982181,14112042
982190,14112132
982198,14112212
982206,14112293
982214,14112373
982222,14112453
982230,14112534
982238,14112614
982247,14112704
982255,14112784
982263,14112865
982271,14112945
982279,14113025
982287,14113105
982296,14113196
982304,14113276
982312,14113356
982320,14113437
982328,14113517
982336,14113597
982344,14113677
982353,14113768
982361,14113848
982369,14113928
982377,14114009
982385,14114089
982393,14114169
982401,14114249
982410,14114340
982418,14114420
982426,14114500
982434,14114581
982442,14114661
982450,14114741
982459,14114832
982467,14114912
982475,14114992
982483,14115072
982491,14115153
982499,14115233
982507,14115313
982516,14115404
982524,14115484
982532,14115564
982540,14115644
982548,14115725
982556,14115805
982564,14115885
982573,14115976
982581,14116056
982589,14116136
982597,14116216
982605,14116297
982613,14116377
982622,14116467
982630,14116548
982638,14116628
982646,14116708
982654,14116788
982662,14116869
982670,14116949
982679,14117039
982687,14117120
982695,14117200
982703,14117280
982711,14117361
982719,14117441
982727,14117521
982736,14117611
982744,14117692
982752,14117772
982760,14117852
982768,14117933
982776,14118013
982785,14118103
982793,14118183
982801,14118264
982809,14118344
982817,14118424
982825,14118505
982833,14118585
982842,14118675
982850,14118756
982858,14118836
982866,14118916
982874,14118996
982882,14119077
982890,14119157
982899,14119247
982907,14119328
982915,14119408
982923,14119488
982931,14119569
982939,14119649
982947,14119729
982956,14119819
982964,14119900
982972,14119980
982980,14120060
982988,14120141
982996,14120221
983005,14120311
983013,14120392
983021,14120472
983029,14120552
983037,14120632
983045,14120713
983053,14120793
983062,14120883
983070,14120964
983078,14121044
983086,14121124
983094,14121204
983102,14121285
983110,14121365
983119,14121455
983127,14121536
983135,14121616
983143,14121696
983151,14121777
983159,14121857
983168,14121947
983176,14122028
983184,14122108
983192,14122188
983200,14122268
983208,14122349
983216,14122429
983225,14122519
983233,14122600
983241,14122680
983249,14122760
983257,14122841
983265,14122921
983273,14123001
983282,14123091
983290,14123172
983298,14123252
983306,14123332
983314,14123413
983322,14123493
983331,14123583
983339,14123664
983347,14123744
983355,14123824
983363,14123905
983371,14123985
983379,14124065
983388,14124155
983396,14124236
983404,14124316
983412,14124396
983420,14124477
983428,14124557
983436,14124637
983445,14124728
983453,14124808
983461,14124888
983469,14124969
983477,14125049
983485,14125129
983494,14125219
983502,14125300
983510,14125380
983518,14125460
983526,14125541
983534,14125621
983542,14125701
983551,14125792
983559,14125872
983567,14125952
983575,14126033
983583,14126113
983591,14126193
983599,14126273
983608,14126364
983616,14126444
983624,14126524
983632,14126605
983640,14126685
983648,14126765
983657,14126856
983665,14126936
983673,14127016
983681,14127097
983689,14127177
983697,14127257
983705,14127338
983714,14127428
983722,14127508
983730,14127588
983738,14127669
983746,14127749
983754,14127829
983762,14127910
983771,14128000
983779,14128080
983787,14128161
983795,14128241
983803,14128321
983811,14128402
983820,14128492
983828,14128572
983836,14128653
983844,14128733
983852,14128813
983860,14128894
983868,14128974
983877,14129064
983885,14129144
983893,14129225
983901,14129305
983909,14129385
983917,14129466
983925,14129546
983934,14129636
983942,14129717
983950,14129797
983958,14129877
983966,14129958
983974,14130038
983982,14130118
983991,14130209
983999,14130289
984007,14130369
984015,14130450
984023,14130530
984031,14130610
984040,14130701
984048,14130781
984056,14130861
984064,14130941
984072,14131022
984080,14131102
984088,14131182
984097,14131273
984105,14131353
984113,14131433
984121,14131514
984129,14131594
984137,14131674
984145,14131755
984154,14131845
984162,14131925
984170,14132006
984178,14132086
984186,14132166
984194,14132247
984203,14132337
984211,14132417
984219,14132498
984227,14132578
984235,14132658
984243,14132739
984251,14132819
984260,14132909
984268,14132990
984276,14133070
984284,14133150
984292,14133231
984300,14133311
984308,14133391
984317,14133482
984325,14133562
984333,14133642
984341,14133722
984349,14133803
984357,14133883
984366,14133973
984374,14134054
984382,14134134
984390,14134214
984398,14134295
984406,14134375
984414,14134455
984423,14134546
984431,14134626
984439,14134706
984447,14134787
984455,14134867
984463,14134947
984471,14135028
984480,14135118
984488,14135198
984496,14135279
984504,14135359
984512,14135439
984520,14135520
984529,14135610
984537,14135690
984545,14135771
984553,14135851
984561,14135931
984569,14136012
984577,14136092
984586,14136182
984594,14136263
984602,14136343
984610,14136423
984618,14136504
984626,14136584
984634,14136664
984643,14136755
984651,14136835
984659,14136915
984667,14136996
984675,14137076
984683,14137156
984692,14137247
984700,14137327
984708,14137407
984716,14137488
984724,14137568
984732,14137648
984740,14137729
984749,14137819
984757,14137899
984765,14137980
984773,14138060
984781,14138140
984789,14138221
984797,14138301
984806,14138391
984814,14138472
984822,14138552
984830,14138632
984838,14138713
984846,14138793
984855,14138883
984863,14138964
984871,14139044
984879,14139124
984887,14139205
984895,14139285
984903,14139365
984912,14139456
984920,14139536
984928,14139616
984936,14139697
984944,14139777
984952,14139857
984960,14139938
984969,14140028
984977,14140108
984985,14140189
984993,14140269
985001,14140349
985009,14140430
985018,14140520
985026,14140600
985034,14140681
985042,14140761
985050,14140841
985058,14140922
985066,14141002
985075,14141092
985083,14141173
985091,14141253
985099,14141333
985107,14141414
985115,14141494
985123,14141574
985132,14141665
985140,14141745
985148,14141826
985156,14141906
985164,14141986
985172,14142067
985180,14142147
985189,14142237
985197,14142318
985205,14142398
985213,14142478
985221,14142559
985229,14142639
985238,14142729
985246,14142810
985254,14142890
985262,14142970
985270,14143051
985278,14143131
985286,14143211
985295,14143302
985303,14143382
985311,14143462
985319,14143543
985327,14143623
985335,14143703
985343,14143784
985352,14143874
985360,14143954
985368,14144035
985376,14144115
985384,14144196
985392,14144276
985401,14144366
985409,14144447
985417,14144527
985425,14144607
985433,14144688
985441,14144768
985449,14144848
985458,14144939
985466,14145019
985474,14145099
985482,14145180
985490,14145260
985498,14145340
985506,14145421
985515,14145511
985523,14145591
985531,14145672
985539,14145752
985547,14145832
985555,14145913
985564,14146003
985572,14146084
985580,14146164
985588,14146244
985596,14146325
985604,14146405
985612,14146485
985621,14146576
985629,14146656
985637,14146736
985645,14146817
985653,14146897
985661,14146977
985669,14147058
985678,14147148
985686,14147228
985694,14147309
985702,14147389
985710,14147470
985718,14147550
985727,14147640
985735,14147721
985743,14147801
985751,14147881
985759,14147962
985767,14148042
985775,14148122
985784,14148213
985792,14148293
985800,14148373
985808,14148454
985816,14148534
985824,14148614
985832,14148695
985841,14148785
985849,14148866
985857,14148946
985865,14149026
985873,14149107
985881,14149187
985890,14149277
985898,14149358
985906,14149438
985914,14149518
985922,14149599
985930,14149679
985938,14149759
985947,14149850
985955,14149930
985963,14150011
985971,14150091
985979,14150171
985987,14150252
985995,14150332
986004,14150422
986012,14150503
986020,14150583
986028,14150663
986036,14150744
986044,14150824
986053,14150915
986061,14150995
986069,14151075
986077,14151156
986085,14151236
986093,14151316
986101,14151397
986110,14151487
986118,14151567
986126,14151648
986134,14151728
986142,14151808
986150,14151889
986158,14151969
986167,14152060
986175,14152140
986183,14152220
986191,14152301
986199,14152381
986207,14152461
986215,14152542
986224,14152632
986232,14152712
986240,14152793
986248,14152873
986256,14152954
986264,14153034
986273,14153124
986281,14153205
986289,14153285
986297,14153365
986305,14153446
986313,14153526
986321,14153606
986330,14153697
986338,14153777
986346,14153858
986354,14153938
986362,14154018
986370,14154099
986378,14154179
986387,14154269
986395,14154350
986403,14154430
986411,14154510
986419,14154591
986427,14154671
986436,14154762
986444,14154842
986452,14154922
986460,14155003
986468,14155083
986476,14155163
986484,14155244
986493,14155334
986501,14155415
986509,14155495
986517,14155575
986525,14155656
986533,14155736
986541,14155816
986550,14155907
986558,14155987
986566,14156068
986574,14156148
986582,14156228
986590,14156309
986599,14156399
986607,14156479
986615,14156560
986623,14156640
986631,14156720
986639,14156801
986647,14156881
986656,14156972
986664,14157052
986672,14157132
986680,14157213
986688,14157293
986696,14157373
986704,14157454
986713,14157544
986721,14157625
986729,14157705
986737,14157785
986745,14157866
986753,14157946
986762,14158036
986770,14158117
986778,14158197
986786,14158278
986794,14158358
986802,14158438
986810,14158519
986819,14158609
986827,14158689
986835,14158770
986843,14158850
986851,14158931
986859,14159011
986867,14159091
986876,14159182
986884,14159262
986892,14159342
986900,14159423
986908,14159503
986916,14159584
986925,14159674
986933,14159754
986941,14159835
986949,14159915
986957,14159995
986965,14160076
986973,14160156
986982,14160247
986990,14160327
986998,14160407
987006,14160488
987014,14160568
987022,14160648
987030,14160729
987039,14160819
987047,14160900
987055,14160980
987063,14161060
987071,14161141
987079,14161221
987088,14161312
987096,14161392
987104,14161472
987112,14161553
987120,14161633
987128,14161713
987136,14161794
987145,14161884
987153,14161965
987161,14162045
987169,14162125
987177,14162206
987185,14162286
987193,14162366
987202,14162457
987210,14162537
987218,14162618
987226,14162698
987234,14162778
987242,14162859
987250,14162939
987259,14163030
987267,14163110
987275,14163190
987283,14163271
987291,14163351
987299,14163431
987308,14163522
987316,14163602
987324,14163683
987332,14163763
987340,14163843
987348,14163924
987356,14164004
987365,14164095
987373,14164175
987381,14164255
987389,14164336
987397,14164416
987405,14164496
987413,14164577
987422,14164667
987430,14164748
987438,14164828
987446,14164908
987454,14164989
987462,14165069
987471,14165160
987479,14165240
987487,14165320
987495,14165401
987503,14165481
987511,14165561
987519,14165642
987528,14165732
987536,14165813
987544,14165893
987552,14165973
987560,14166054
987568,14166134
987576,14166215
987585,14166305
987593,14166385
987601,14166466
987609,14166546
987617,14166627
987625,14166707
987634,14166797
987642,14166878
987650,14166958
987658,14167039
987666,14167119
987674,14167199
987682,14167280
987691,14167370
987699,14167450
987707,14167531
987715,14167611
987723,14167692
987731,14167772
987739,14167852
987748,14167943
987756,14168023
987764,14168104
987772,14168184
987780,14168264
987788,14168345
987797,14168435
987805,14168516
987813,14168596
987821,14168676
987829,14168757
987837,14168837
987845,14168918
987854,14169008
987862,14169088
987870,14169169
987878,14169249
987886,14169330
987894,14169410
987902,14169490
987911,14169581
987919,14169661
987927,14169742
987935,14169822
987943,14169902
987951,14169983
987960,14170073
987968,14170154
987976,14170234
987984,14170314
987992,14170395
988000,14170475
988008,14170555
988017,14170646
988025,14170726
988033,14170807
988041,14170887
988049,14170967
988057,14171048
988065,14171128
988074,14171219
988082,14171299
988090,14171379
988098,14171460
988106,14171540
988114,14171621
988123,14171711
988131,14171792
988139,14171872
988147,14171952
988155,14172033
988163,14172113
988171,14172193
988180,14172284
988188,14172364
988196,14172445
988204,14172525
988212,14172605
988220,14172686
988228,14172766
988237,14172857
988245,14172937
988253,14173018
988261,14173098
988269,14173178
988277,14173259
988286,14173349
988294,14173430
988302,14173510
988310,14173590
988318,14173671
988326,14173751
988334,14173832
988343,14173922
988351,14174002
988359,14174083
988367,14174163
988375,14174244
988383,14174324
988391,14174404
988400,14174495
988408,14174575
988416,14174656
988424,14174736
988432,14174816
988440,14174897
988448,14174977
988457,14175068
988465,14175148
988473,14175228
988481,14175309
988489,14175389
988497,14175470
988506,14175560
988514,14175641
988522,14175721
988530,14175801
988538,14175882
988546,14175962
988554,14176043
988563,14176133
988571,14176213
988579,14176294
988587,14176374
988595,14176455
988603,14176535
988611,14176615
988620,14176706
988628,14176786
988636,14176867
988644,14176947
988652,14177027
988660,14177108
988669,14177198
988677,14177279
988685,14177359
988693,14177440
988701,14177520
988709,14177600
988717,14177681
988726,14177771
988734,14177852
988742,14177932
988750,14178012
988758,14178093
988766,14178173
988774,14178254
988783,14178344
988791,14178424
988799,14178505
988807,14178585
988815,14178666
988823,14178746
988832,14178837
988840,14178917
988848,14178997
988856,14179078
988864,14179158
988872,14179239
988880,14179319
988889,14179409
988897,14179490
988905,14179570
988913,14179651
988921,14179731
988929,14179811
988937,14179892
988946,14179982
988954,14180063
988962,14180143
988970,14180224
988978,14180304
988986,14180384
988995,14180475
989003,14180555
989011,14180636
989019,14180716
989027,14180797
989035,14180877
989043,14180957
989052,14181048
989060,14181128
989068,14181209
989076,14181289
989084,14181369
989092,14181450
989100,14181530
989109,14181621
989117,14181701
989125,14181782
989133,14181862
989141,14181942
989149,14182023
989158,14182113
989166,14182194
989174,14182274
989182,14182354
989190,14182435
989198,14182515
989206,14182596
989215,14182686
989223,14182767
989231,14182847
989239,14182927
989247,14183008
989255,14183088
989263,14183169
989272,14183259
989280,14183340
989288,14183420
989296,14183500
989304,14183581
989312,14183661
989321,14183752
989329,14183832
989337,14183913
989345,14183993
989353,14184073
989361,14184154
989369,14184234
989378,14184325
989386,14184405
989394,14184485
989402,14184566
989410,14184646
989418,14184727
989426,14184807
989435,14184898
989443,14184978
989451,14185058
989459,14185139
989467,14185219
989475,14185300
989483,14185380
989492,14185471
989500,14185551
989508,14185631
989516,14185712
989524,14185792
989532,14185873
989541,14185963
989549,14186044
989557,14186124
989565,14186204
989573,14186285
989581,14186365
989589,14186446
989598,14186536
989606,14186617
989614,14186697
989622,14186777
989630,14186858
989638,14186938
989646,14187019
989655,14187109
989663,14187190
989671,14187270
989679,14187350
989687,14187431
989695,14187511
989704,14187602
989712,14187682
989720,14187763
989728,14187843
989736,14187923
989744,14188004
989752,14188084
989761,14188175
989769,14188255
989777,14188336
989785,14188416
989793,14188497
989801,14188577
989809,14188657
989818,14188748
989826,14188828
989834,14188909
989842,14188989
989850,14189070
989858,14189150
989867,14189240
989875,14189321
989883,14189401
989891,14189482
989899,14189562
989907,14189643
989915,14189723
989924,14189813
989932,14189894
989940,14189974
989948,14190055
989956,14190135
989964,14190216
989972,14190296
989981,14190387
989989,14190467
989997,14190547
990005,14190628
990013,14190708
990021,14190789
990030,14190879
990038,14190960
990046,14191040
990054,14191120
990062,14191201
990070,14191281
990078,14191362
990087,14191452
990095,14191533
990103,14191613
990111,14191694
990119,14191774
990127,14191854
990135,14191935
990144,14192025
990152,14192106
990160,14192186
990168,14192267
990176,14192347
990184,14192427
990193,14192518
990201,14192598
990209,14192679
990217,14192759
990225,14192840
990233,14192920
990241,14193001
990250,14193091
990258,14193171
990266,14193252
990274,14193332
990282,14193413
990290,14193493
990298,14193574
990307,14193664
990315,14193745
990323,14193825
990331,14193905
990339,14193986
990347,14194066
990356,14194157
990364,14194237
990372,14194318
990380,14194398
990388,14194479
990396,14194559
990404,14194639
990413,14194730
990421,14194810
990429,14194891
990437,14194971
990445,14195052
990453,14195132
990461,14195213
990470,14195303
990478,14195383
990486,14195464
990494,14195544
990502,14195625
990510,14195705
990519,14195796
990527,14195876
990535,14195957
990543,14196037
990551,14196117
990559,14196198
990567,14196278
990576,14196369
990584,14196449
990592,14196530
990600,14196610
990608,14196691
990616,14196771
990624,14196851
990633,14196942
990641,14197022
990649,14197103
990657,14197183
990665,14197264
990673,14197344
990681,14197425
990690,14197515
990698,14197596
990706,14197676
990714,14197756
990722,14197837
990730,14197917
990739,14198008
990747,14198088
990755,14198169
990763,14198249
990771,14198330
990779,14198410
990787,14198490
990796,14198581
990804,14198661
990812,14198742
990820,14198822
990828,14198903
990836,14198983
990844,14199064
990853,14199154
990861,14199235
990869,14199315
990877,14199395
990885,14199476
990893,14199556
990902,14199647
990910,14199727
990918,14199808
990926,14199888
990934,14199969
990942,14200049
990950,14200130
990959,14200220
990967,14200300
990975,14200381
990983,14200461
990991,14200542
990999,14200622
991007,14200703
991016,14200793
991024,14200874
991032,14200954
991040,14201035
991048,14201115
991056,14201195
991065,14201286
991073,14201366
991081,14201447
991089,14201527
991097,14201608
991105,14201688
991113,14201769
991122,14201859
991130,14201940
991138,14202020
991146,14202101
991154,14202181
991162,14202261
991170,14202342
991179,14202432
991187,14202513
991195,14202593
991203,14202674
991211,14202754
991219,14202835
991228,14202925
991236,14203006
991244,14203086
991252,14203166
991260,14203247
991268,14203327
991276,14203408
991285,14203498
991293,14203579
991301,14203659
991309,14203740
991317,14203820
991325,14203901
991333,14203981
991342,14204072
991350,14204152
991358,14204232
991366,14204313
991374,14204393
991382,14204474
991391,14204564
991399,14204645
991407,14204725
991415,14204806
991423,14204886
991431,14204967
991439,14205047
991448,14205138
991456,14205218
991464,14205299
991472,14205379
991480,14205459
991488,14205540
991496,14205620
991505,14205711
991513,14205791
991521,14205872
991529,14205952
991537,14206033
991545,14206113
991554,14206204
991562,14206284
991570,14206365
991578,14206445
991586,14206526
991594,14206606
991602,14206686
991611,14206777
991619,14206857
991627,14206938
991635,14207018
991643,14207099
991651,14207179
991659,14207260
991668,14207350
991676,14207431
991684,14207511
991692,14207592
991700,14207672
991708,14207753
991716,14207833
991725,14207923
991733,14208004
991741,14208084
991749,14208165
991757,14208245
991765,14208326
991774,14208416
991782,14208497
991790,14208577
991798,14208658
991806,14208738
991814,14208819
991822,14208899
991831,14208990
991839,14209070
991847,14209151
991855,14209231
991863,14209311
991871,14209392
991879,14209472
991888,14209563
991896,14209643
991904,14209724
991912,14209804
991920,14209885
991928,14209965
991937,14210056
991945,14210136
991953,14210217
991961,14210297
991969,14210378
991977,14210458
991985,14210539
991994,14210629
992002,14210710
992010,14210790
992018,14210870
992026,14210951
992034,14211031
992042,14211112
992051,14211202
992059,14211283
992067,14211363
992075,14211444
992083,14211524
992091,14211605
992100,14211695
992108,14211776
992116,14211856
992124,14211937
992132,14212017
992140,14212098
992148,14212178
992157,14212269
992165,14212349
992173,14212430
992181,14212510
992189,14212590
992197,14212671
992205,14212751
992214,14212842
992222,14212922
992230,14213003
992238,14213083
992246,14213164
992254,14213244
992263,14213335
992271,14213415
992279,14213496
992287,14213576
992295,14213657
992303,14213737
992311,14213818
992320,14213908
992328,14213989
992336,14214069
992344,14214150
992352,14214230
992360,14214311
992368,14214391
992377,14214482
992385,14214562
992393,14214643
992401,14214723
992409,14214803
992417,14214884
992426,14214974
992434,14215055
992442,14215135
992450,14215216
992458,14215296
992466,14215377
992474,14215457
992483,14215548
992491,14215628
992499,14215709
992507,14215789
992515,14215870
992523,14215950
992531,14216031
992540,14216121
992548,14216202
992556,14216282
992564,14216363
992572,14216443
992580,14216524
992589,14216614
992597,14216695
992605,14216775
992613,14216856
992621,14216936
992629,14217017
992637,14217097
992646,14217188
992654,14217268
992662,14217349
992670,14217429
992678,14217509
992686,14217590
992694,14217670
992703,14217761
992711,14217841
992719,14217922
992727,14218002
992735,14218083
992743,14218163
992752,14218254
992760,14218334
992768,14218415
992776,14218495
992784,14218576
992792,14218656
992800,14218737
992809,14218827
992817,14218908
992825,14218988
992833,14219069
992841,14219149
992849,14219230
992857,14219310
992866,14219401
992874,14219481
992882,14219562
992890,14219642
992898,14219723
992906,14219803
992914,14219884
992923,14219974
992931,14220055
992939,14220135
992947,14220216
992955,14220296
992963,14220377
992972,14220467
992980,14220548
992988,14220628
992996,14220709
993004,14220789
993012,14220870
993020,14220950
993029,14221041
993037,14221121
993045,14221202
993053,14221282
993061,14221363
993069,14221443
993077,14221524
993086,14221614
993094,14221695
993102,14221775
993110,14221856
993118,14221936
993126,14222017
993135,14222107
993143,14222188
993151,14222268
993159,14222349
993167,14222429
993175,14222510
993183,14222590
993192,14222681
993200,14222761
993208,14222842
993216,14222922
993224,14223003
993232,14223083
993240,14223163
993249,14223254
993257,14223335
993265,14223415
993273,14223496
993281,14223576
993289,14223656
993298,14223747
993306,14223828
993314,14223908
993322,14223989
993330,14224069
993338,14224149
993346,14224230
993355,14224321
993363,14224401
993371,14224482
993379,14224562
993387,14224642
993395,14224723
993403,14224803
993412,14224894
993420,14224975
993428,14225055
993436,14225136
993444,14225216
993452,14225297
993461,14225387
993469,14225468
993477,14225548
993485,14225629
993493,14225709
993501,14225790
993509,14225870
993518,14225961
993526,14226041
993534,14226122
993542,14226202
993550,14226283
993558,14226363
993566,14226444
993575,14226534
993583,14226615
993591,14226695
993599,14226776
993607,14226856
993615,14226937
993624,14227027
993632,14227108
993640,14227188
993648,14227269
993656,14227349
993664,14227430
993672,14227510
993681,14227601
993689,14227681
993697,14227762
993705,14227842
993713,14227923
993721,14228003
993729,14228084
993738,14228174
993746,14228255
993754,14228335
993762,14228416
993770,14228496
993778,14228577
993787,14228667
993795,14228748
993803,14228828
993811,14228909
993819,14228989
993827,14229070
993835,14229150
993844,14229241
993852,14229321
993860,14229402
993868,14229482
993876,14229563
993884,14229643
993892,14229724
993901,14229814
993909,14229895
993917,14229975
993925,14230056
993933,14230136
993941,14230217
993949,14230297
993958,14230388
993966,14230468
993974,14230549
993982,14230629
993990,14230710
993998,14230790
994007,14230881
994015,14230962
994023,14231042
994031,14231123
994039,14231203
994047,14231284
994055,14231364
994064,14231455
994072,14231535
994080,14231616
994088,14231696
994096,14231777
994104,14231857
994112,14231938
994121,14232028
994129,14232109
994137,14232189
994145,14232270
994153,14232350
994161,14232431
994170,14232521
994178,14232602
994186,14232682
994194,14232763
994202,14232843
994210,14232924
994218,14233004
994227,14233095
994235,14233175
994243,14233256
994251,14233336
994259,14233417
994267,14233498
994275,14233578
994284,14233669
994292,14233749
994300,14233830
994308,14233910
994316,14233991
994324,14234071
994333,14234162
994341,14234242
994349,14234323
994357,14234403
994365,14234484
994373,14234564
994381,14234645
994390,14234735
994398,14234816
994406,14234896
994414,14234977
994422,14235057
994430,14235138
994438,14235218
994447,14235309
994455,14235389
994463,14235470
994471,14235551
994479,14235631
994487,14235712
994496,14235802
994504,14235883
994512,14235963
994520,14236044
994528,14236124
994536,14236205
994544,14236285
994553,14236376
994561,14236456
994569,14236537
994577,14236617
994585,14236698
994593,14236778
994601,14236859
994610,14236949
994618,14237030
994626,14237110
994634,14237191
994642,14237271
994650,14237352
994659,14237443
994667,14237523
994675,14237604
994683,14237684
994691,14237765
994699,14237845
994707,14237926
994716,14238016
994724,14238097
994732,14238177
994740,14238258
994748,14238338
994756,14238419
994764,14238499
994773,14238590
994781,14238670
994789,14238751
994797,14238831
994805,14238912
994813,14238993
994822,14239083
994830,14239164
994838,14239244
994846,14239325
994854,14239405
994862,14239486
994870,14239566
994879,14239657
994887,14239737
994895,14239818
994903,14239898
994911,14239979
994919,14240059
994927,14240140
994936,14240231
994944,14240311
994952,14240392
994960,14240472
994968,14240553
994976,14240633
994984,14240714
994993,14240804
995001,14240885
995009,14240965
995017,14241046
995025,14241126
995033,14241207
995042,14241297
995050,14241378
995058,14241458
995066,14241539
995074,14241620
995082,14241700
995090,14241781
995099,14241871
995107,14241952
995115,14242032
995123,14242113
995131,14242193
995139,14242274
995147,14242354
995156,14242445
995164,14242525
995172,14242606
995180,14242686
995188,14242767
995196,14242847
995205,14242938
995213,14243019
995221,14243099
995229,14243180
995237,14243260
995245,14243341
995253,14243421
995262,14243512
995270,14243592
995278,14243673
995286,14243753
995294,14243834
995302,14243914
995310,14243995
995319,14244086
995327,14244166
995335,14244247
995343,14244327
995351,14244408
995359,14244488
995368,14244579
995376,14244659
995384,14244740
995392,14244820
995400,14244901
995408,14244981
995416,14245062
995425,14245153
995433,14245233
995441,14245314
995449,14245394
995457,14245475
995465,14245555
995473,14245636
995482,14245726
995490,14245807
995498,14245887
995506,14245968
995514,14246048
995522,14246129
995531,14246220
995539,14246300
995547,14246381
995555,14246461
995563,14246542
995571,14246622
995579,14246703
995588,14246793
995596,14246874
995604,14246954
995612,14247035
995620,14247116
995628,14247196
995636,14247277
995645,14247367
995653,14247448
995661,14247528
995669,14247609
995677,14247689
995685,14247770
995694,14247860
995702,14247941
995710,14248022
995718,14248102
995726,14248183
995734,14248263
995742,14248344
995751,14248434
995759,14248515
995767,14248595
995775,14248676
995783,14248756
995791,14248837
995799,14248917
995808,14249008
995816,14249089
995824,14249169
995832,14249250
995840,14249330
995848,14249411
995857,14249501
995865,14249582
995873,14249662
995881,14249743
995889,14249824
995897,14249904
995905,14249985
995914,14250075
995922,14250156
995930,14250236
995938,14250317
995946,14250397
995954,14250478
995962,14250558
995971,14250649
995979,14250730
995987,14250810
995995,14250891
996003,14250971
996011,14251052
996020,14251142
996028,14251223
996036,14251303
996044,14251384
996052,14251465
996060,14251545
996068,14251626
996077,14251716
996085,14251797
996093,14251877
996101,14251958
996109,14252038
996117,14252119
996125,14252199
996134,14252290
996142,14252371
996150,14252451
996158,14252532
996166,14252612
996174,14252693
996182,14252773
996191,14252864
996199,14252944
996207,14253025
996215,14253106
996223,14253186
996231,14253267
996240,14253357
996248,14253438
996256,14253518
996264,14253599
996272,14253679
996280,14253760
996288,14253841
996297,14253931
996305,14254012
996313,14254092
996321,14254173
996329,14254253
996337,14254334
996345,14254414
996354,14254505
996362,14254586
996370,14254666
996378,14254747
996386,14254827
996394,14254908
996403,14254998
996411,14255079
996419,14255159
996427,14255240
996435,14255321
996443,14255401
996451,14255482
996460,14255572
996468,14255653
996476,14255733
996484,14255814
996492,14255894
996500,14255975
996508,14256056
996517,14256146
996525,14256227
996533,14256307
996541,14256388
996549,14256468
996557,14256549
996566,14256640
996574,14256720
996582,14256801
996590,14256881
996598,14256962
996606,14257042
996614,14257123
996623,14257213
996631,14257294
996639,14257375
996647,14257455
996655,14257536
996663,14257616
996671,14257697
996680,14257787
996688,14257868
996696,14257948
996704,14258029
996712,14258110
996720,14258190
996729,14258281
996737,14258361
996745,14258442
996753,14258522
996761,14258603
996769,14258684
996777,14258764
996786,14258855
996794,14258935
996802,14259016
996810,14259096
996818,14259177
996826,14259257
996834,14259338
996843,14259429
996851,14259509
996859,14259590
996867,14259670
996875,14259751
996883,14259831
996892,14259922
996900,14260003
996908,14260083
996916,14260164
996924,14260244
996932,14260325
996940,14260405
996949,14260496
996957,14260577
996965,14260657
996973,14260738
996981,14260818
996989,14260899
996997,14260979
997006,14261070
997014,14261151
997022,14261231
997030,14261312
997038,14261392
997046,14261473
997055,14261563
997063,14261644
997071,14261725
997079,14261805
997087,14261886
997095,14261966
997103,14262047
997112,14262137
997120,14262218
997128,14262299
997136,14262379
997144,14262460
997152,14262540
997160,14262621
997169,14262711
997177,14262792
997185,14262873
997193,14262953
997201,14263034
997209,14263114
997217,14263195
997226,14263285
997234,14263366
997242,14263447
997250,14263527
997258,14263608
997266,14263688
997275,14263779
997283,14263859
997291,14263940
997299,14264021
997307,14264101
997315,14264182
997323,14264262
997332,14264353
997340,14264433
997348,14264514
997356,14264595
997364,14264675
997372,14264756
997380,14264836
997389,14264927
997397,14265007
997405,14265088
997413,14265169
997421,14265249
997429,14265330
997438,14265420
997446,14265501
997454,14265581
997462,14265662
997470,14265743
997478,14265823
997486,14265904
997495,14265994
997503,14266075
997511,14266156
997519,14266236
997527,14266317
997535,14266397
997543,14266478
997552,14266568
997560,14266649
997568,14266730
997576,14266810
997584,14266891
997592,14266971
997601,14267062
997609,14267142
997617,14267223
997625,14267304
997633,14267384
997641,14267465
997649,14267545
997658,14267636
997666,14267717
997674,14267797
997682,14267878
997690,14267958
997698,14268039
997706,14268119
997715,14268210
997723,14268291
997731,14268371
997739,14268452
997747,14268532
997755,14268613
997764,14268704
997772,14268784
997780,14268865
997788,14268945
997796,14269026
997804,14269106
997812,14269187
997821,14269278
997829,14269358
997837,14269439
997845,14269519
997853,14269600
997861,14269680
997869,14269761
997878,14269852
997886,14269932
997894,14270013
997902,14270093
997910,14270174
997918,14270255
997927,14270345
997935,14270426
997943,14270506
997951,14270587
997959,14270667
997967,14270748
997975,14270829
997984,14270919
997992,14271000
998000,14271080
998008,14271161
998016,14271242
998024,14271322
998032,14271403
998041,14271493
998049,14271574
998057,14271655
998065,14271735
998073,14271816
998081,14271896
998090,14271987
998098,14272067
998106,14272148
998114,14272229
998122,14272309
998130,14272390
998138,14272470
998147,14272561
998155,14272642
998163,14272722
998171,14272803
998179,14272883
998187,14272964
998195,14273044
998204,14273135
998212,14273216
998220,14273296
998228,14273377
998236,14273457
998244,14273538
998253,14273629
998261,14273709
998269,14273790
998277,14273870
998285,14273951
998293,14274032
998301,14274112
998310,14274203
998318,14274283
998326,14274364
998334,14274445
998342,14274525
998350,14274606
998358,14274686
998367,14274777
998375,14274858
998383,14274938
998391,14275019
998399,14275099
998407,14275180
998415,14275260
998424,14275351
998432,14275432
998440,14275512
998448,14275593
998456,14275673
998464,14275754
998473,14275845
998481,14275925
998489,14276006
998497,14276086
998505,14276167
998513,14276248
998521,14276328
998530,14276419
998538,14276499
998546,14276580
998554,14276661
998562,14276741
998570,14276822
998578,14276902
998587,14276993
998595,14277074
998603,14277154
998611,14277235
998619,14277315
998627,14277396
998636,14277487
998644,14277567
998652,14277648
998660,14277728
998668,14277809
998676,14277890
998684,14277970
998693,14278061
998701,14278141
998709,14278222
998717,14278303
998725,14278383
998733,14278464
998741,14278544
998750,14278635
998758,14278716
998766,14278796
998774,14278877
998782,14278957
998790,14279038
998799,14279129
998807,14279209
998815,14279290
998823,14279370
998831,14279451
998839,14279532
998847,14279612
998856,14279703
998864,14279783
998872,14279864
998880,14279945
998888,14280025
998896,14280106
998904,14280186
998913,14280277
998921,14280358
998929,14280438
998937,14280519
998945,14280599
998953,14280680
998962,14280771
998970,14280851
998978,14280932
998986,14281012
998994,14281093
999002,14281174
999010,14281254
999019,14281345
999027,14281425
999035,14281506
999043,14281587
999051,14281667
999059,14281748
999067,14281828
999076,14281919
999084,14282000
999092,14282080
999100,14282161
999108,14282242
999116,14282322
999125,14282413
999133,14282493
999141,14282574
999149,14282655
999157,14282735
999165,14282816
999173,14282896
999182,14282987
999190,14283068
999198,14283148
999206,14283229
999214,14283309
999222,14283390
999230,14283471
999239,14283561
999247,14283642
999255,14283722
999263,14283803
999271,14283884
999279,14283964
999288,14284055
999296,14284136
999304,14284216
999312,14284297
999320,14284377
999328,14284458
999336,14284539
999345,14284629
999353,14284710
999361,14284790
999369,14284871
999377,14284952
999385,14285032
999393,14285113
999402,14285203
999410,14285284
999418,14285365
999426,14285445
999434,14285526
999442,14285606
999450,14285687
999459,14285778
999467,14285858
999475,14285939
999483,14286020
999491,14286100
999499,14286181
999508,14286271
999516,14286352
999524,14286433
999532,14286513
999540,14286594
999548,14286674
999556,14286755
999565,14286846
999573,14286926
999581,14287007
999589,14287088
999597,14287168
999605,14287249
999613,14287329
999622,14287420
999630,14287501
999638,14287581
999646,14287662
999654,14287742
999662,14287823
999671,14287914
999679,14287994
999687,14288075
999695,14288156
999703,14288236
999711,14288317
999719,14288397
999728,14288488
999736,14288569
999744,14288649
999752,14288730
999760,14288811
999768,14288891
999776,14288972
999785,14289062
999793,14289143
999801,14289224
999809,14289304
999817,14289385
999825,14289465
999834,14289556
999842,14289637
999850,14289717
999858,14289798
999866,14289879
999874,14289959
999882,14290040
999891,14290130
999899,14290211
999907,14290292
999915,14290372
999923,14290453
999931,14290534
999939,14290614
999948,14290705
999956,14290785
999964,14290866
999972,14290947
999980,14291027
999988,14291108
999997,14291199
1000005,14291279
1000013,14291360
1000021,14291440
1000029,14291521
1000037,14291602
1000045,14291682
1000054,14291773
1000062,14291854
1000070,14291934
1000078,14292015
1000086,14292095
1000094,14292176
1000102,14292257
1000111,14292347
1000119,14292428
1000127,14292508
1000135,14292589
1000143,14292670
1000151,14292750
1000160,14292841
1000168,14292922
1000176,14293002
1000184,14293083
1000192,14293163
1000200,14293244
1000208,14293325
1000217,14293415
1000225,14293496
1000233,14293577
1000241,14293657
1000249,14293738
1000257,14293818
1000265,14293899
1000274,14293990
1000282,14294070
1000290,14294151
1000298,14294232
1000306,14294312
1000314,14294393
1000323,14294484
1000331,14294564
1000339,14294645
1000347,14294725
1000355,14294806
1000363,14294887
1000371,14294967
1000380,14295058
1000388,14295139
1000396,14295219
1000404,14295300
1000412,14295380
1000420,14295461
1000428,14295542
1000437,14295632
1000445,14295713
1000453,14295794
1000461,14295874
1000469,14295955
1000477,14296035
1000485,14296116
1000494,14296207
1000502,14296287
1000510,14296368
1000518,14296449
1000526,14296529
1000534,14296610
1000543,14296701
1000551,14296781
1000559,14296862
1000567,14296942
1000575,14297023
1000583,14297104
1000591,14297184
1000600,14297275
1000608,14297356
1000616,14297436
1000624,14297517
1000632,14297597
1000640,14297678
1000648,14297759
1000657,14297849
1000665,14297930
1000673,14298011
1000681,14298091
1000689,14298172
1000697,14298253
1000706,14298343
1000714,14298424
1000722,14298504
1000730,14298585
1000738,14298666
1000746,14298746
1000754,14298827
1000763,14298918
1000771,14298998
1000779,14299079
1000787,14299160
1000795,14299240
1000803,14299321
1000811,14299401
1000820,14299492
1000828,14299573
1000836,14299653
1000844,14299734
1000852,14299815
1000860,14299895
1000869,14299986
1000877,14300067
1000885,14300147
1000893,14300228
1000901,14300308
1000909,14300389
1000917,14300470
1000926,14300560
1000934,14300641
1000942,14300722
1000950,14300802
1000958,14300883
1000966,14300964
1000974,14301044
1000983,14301135
1000991,14301216
1000999,14301296
1001007,14301377
1001015,14301457
1001023,14301538
1001032,14301629
1001040,14301709
1001048,14301790
1001056,14301871
1001064,14301951
1001072,14302032
1001080,14302113
1001089,14302203
1001097,14302284
1001105,14302365
1001113,14302445
1001121,14302526
1001129,14302606
1001137,14302687
1001146,14302778
1001154,14302858
1001162,14302939
1001170,14303020
1001178,14303100
1001186,14303181
1001195,14303272
1001203,14303352
1001211,14303433
1001219,14303514
1001227,14303594
1001235,14303675
1001243,14303755
1001252,14303846
1001260,14303927
1001268,14304007
1001276,14304088
1001284,14304169
1001292,14304249
1001300,14304330
1001309,14304421
1001317,14304501
1001325,14304582
1001333,14304663
1001341,14304743
1001349,14304824
1001358,14304915
1001366,14304995
1001374,14305076
1001382,14305156
1001390,14305237
1001398,14305318
1001406,14305398
1001415,14305489
1001423,14305570
1001431,14305650
1001439,14305731
1001447,14305812
1001455,14305892
1001463,14305973
1001472,14306064
1001480,14306144
1001488,14306225
1001496,14306305
1001504,14306386
1001512,14306467
1001521,14306557
1001529,14306638
1001537,14306719
1001545,14306799
1001553,14306880
1001561,14306961
1001569,14307041
1001578,14307132
1001586,14307213
1001594,14307293
1001602,14307374
1001610,14307455
1001618,14307535
1001626,14307616
1001635,14307707
1001643,14307787
1001651,14307868
1001659,14307949
1001667,14308029
1001675,14308110
1001683,14308190
1001692,14308281
1001700,14308362
1001708,14308442
1001716,14308523
1001724,14308604
1001732,14308684
1001741,14308775
1001749,14308856
1001757,14308936
1001765,14309017
1001773,14309098
1001781,14309178
1001789,14309259
1001798,14309350
1001806,14309430
1001814,14309511
1001822,14309592
1001830,14309672
1001838,14309753
1001846,14309834
1001855,14309924
1001863,14310005
1001871,14310086
1001879,14310166
1001887,14310247
1001895,14310327
1001904,14310418
1001912,14310499
1001920,14310579
1001928,14310660
1001936,14310741
1001944,14310821
1001952,14310902
1001961,14310993
1001969,14311073
1001977,14311154
1001985,14311235
1001993,14311315
1002001,14311396
1002009,14311477
1002018,14311567
1002026,14311648
1002034,14311729
1002042,14311809
1002050,14311890
1002058,14311971
1002067,14312061
1002075,14312142
1002083,14312223
1002091,14312303
1002099,14312384
1002107,14312465
1002115,14312545
1002124,14312636
1002132,14312717
1002140,14312797
1002148,14312878
1002156,14312959
1002164,14313039
1002172,14313120
1002181,14313211
1002189,14313291
1002197,14313372
1002205,14313453
1002213,14313533
1002221,14313614
1002230,14313705
1002238,14313785
1002246,14313866
1002254,14313947
1002262,14314027
1002270,14314108
1002278,14314188
1002287,14314279
1002295,14314360
1002303,14314440
1002311,14314521
1002319,14314602
1002327,14314682
1002335,14314763
1002344,14314854
1002352,14314934
1002360,14315015
1002368,14315096
1002376,14315176
1002384,14315257
1002393,14315348
1002401,14315428
1002409,14315509
1002417,14315590
1002425,14315670
1002433,14315751
1002441,14315832
1002450,14315922
1002458,14316003
1002466,14316084
1002474,14316164
1002482,14316245
1002490,14316326
1002498,14316406
1002507,14316497
1002515,14316578
1002523,14316658
1002531,14316739
1002539,14316820
1002547,14316900
1002556,14316991
1002564,14317072
1002572,14317152
1002580,14317233
1002588,14317314
1002596,14317394
1002604,14317475
1002613,14317566
1002621,14317646
1002629,14317727
1002637,14317808
1002645,14317888
1002653,14317969
1002661,14318050
1002670,14318141
1002678,14318221
1002686,14318302
1002694,14318382
1002702,14318463
1002710,14318544
1002718,14318624
1002727,14318715
1002735,14318796
1002743,14318877
1002751,14318957
1002759,14319038
1002767,14319118
1002776,14319209
1002784,14319290
1002792,14319371
1002800,14319451
1002808,14319532
1002816,14319613
1002824,14319693
1002833,14319784
1002841,14319865
1002849,14319945
1002857,14320026
1002865,14320107
1002873,14320187
1002881,14320268
1002890,14320359
1002898,14320439
1002906,14320520
1002914,14320601
1002922,14320681
1002930,14320762
1002939,14320853
1002947,14320933
1002955,14321014
1002963,14321095
1002971,14321175
1002979,14321256
1002987,14321337
1002996,14321427
1003004,14321508
1003012,14321589
1003020,14321669
1003028,14321750
1003036,14321831
1003044,14321911
1003053,14322002
1003061,14322083
1003069,14322163
1003077,14322244
1003085,14322325
1003093,14322405
1003102,14322496
1003110,14322577
1003118,14322658
1003126,14322738
1003134,14322819
1003142,14322900
1003150,14322980
1003159,14323071
1003167,14323152
1003175,14323232
1003183,14323313
1003191,14323394
1003199,14323474
1003207,14323555
1003216,14323646
1003224,14323726
1003232,14323807
1003240,14323888
1003248,14323968
1003256,14324049
1003265,14324140
1003273,14324220
1003281,14324301
1003289,14324382
1003297,14324462
1003305,14324543
1003313,14324624
1003322,14324715
1003330,14324795
1003338,14324876
1003346,14324957
1003354,14325037
1003362,14325118
1003370,14325199
1003379,14325289
1003387,14325370
1003395,14325451
1003403,14325531
1003411,14325612
1003419,14325693
1003428,14325783
1003436,14325864
1003444,14325945
1003452,14326025
1003460,14326106
1003468,14326187
1003476,14326267
1003485,14326358
1003493,14326439
1003501,14326520
1003509,14326600
1003517,14326681
1003525,14326762
1003533,14326842
1003542,14326933
1003550,14327014
1003558,14327094
1003566,14327175
1003574,14327256
1003582,14327336
1003591,14327427
1003599,14327508
1003607,14327588
1003615,14327669
1003623,14327750
1003631,14327831
1003639,14327911
1003648,14328002
1003656,14328083
1003664,14328163
1003672,14328244
1003680,14328325
1003688,14328405
1003696,14328486
1003705,14328577
1003713,14328657
1003721,14328738
1003729,14328819
1003737,14328899
1003745,14328980
1003754,14329071
1003762,14329152
1003770,14329232
1003778,14329313
1003786,14329394
1003794,14329474
1003802,14329555
1003811,14329646
1003819,14329726
1003827,14329807
1003835,14329888
1003843,14329968
1003851,14330049
1003859,14330130
1003868,14330221
1003876,14330301
1003884,14330382
1003892,14330463
1003900,14330543
1003908,14330624
1003916,14330705
1003925,14330795
1003933,14330876
1003941,14330957
1003949,14331037
1003957,14331118
1003965,14331199
1003974,14331290
1003982,14331370
1003990,14331451
1003998,14331532
1004006,14331612
1004014,14331693
1004022,14331774
1004031,14331864
1004039,14331945
1004047,14332026
1004055,14332106
1004063,14332187
1004071,14332268
1004079,14332348
1004088,14332439
1004096,14332520
1004104,14332601
1004112,14332681
1004120,14332762
1004128,14332843
1004137,14332933
1004145,14333014
1004153,14333095
1004161,14333175
1004169,14333256
1004177,14333337
1004185,14333418
1004194,14333508
1004202,14333589
1004210,14333670
1004218,14333750
1004226,14333831
1004234,14333912
1004242,14333992
1004251,14334083
1004259,14334164
1004267,14334245
1004275,14334325
1004283,14334406
1004291,14334487
1004300,14334577
1004308,14334658
1004316,14334739
1004324,14334819
1004332,14334900
1004340,14334981
1004348,14335061
1004357,14335152
1004365,14335233
1004373,14335314
1004381,14335394
1004389,14335475
1004397,14335556
1004405,14335636
1004414,14335727
1004422,14335808
1004430,14335889
1004438,14335969
1004446,14336050
1004454,14336131
1004463,14336221
1004471,14336302
1004479,14336383
1004487,14336463
1004495,14336544
1004503,14336625
1004511,14336705
1004520,14336796
1004528,14336877
1004536,14336958
1004544,14337038
1004552,14337119
1004560,14337200
1004568,14337280
1004577,14337371
1004585,14337452
1004593,14337533
1004601,14337613
1004609,14337694
1004617,14337775
1004626,14337865
1004634,14337946
1004642,14338027
1004650,14338107
1004658,14338188
1004666,14338269
1004674,14338350
1004683,14338440
1004691,14338521
1004699,14338602
1004707,14338682
1004715,14338763
1004723,14338844
1004731,14338924
1004740,14339015
1004748,14339096
1004756,14339177
1004764,14339257
1004772,14339338
1004780,14339419
1004789,14339510
1004797,14339590
1004805,14339671
1004813,14339752
1004821,14339832
1004829,14339913
1004837,14339994
1004846,14340084
1004854,14340165
1004862,14340246
1004870,14340327
1004878,14340407
1004886,14340488
1004894,14340569
1004903,14340659
1004911,14340740
1004919,14340821
1004927,14340902
1004935,14340982
1004943,14341063
1004951,14341144
1004960,14341234
1004968,14341315
1004976,14341396
1004984,14341476
1004992,14341557
1005000,14341638
1005009,14341729
1005017,14341809
1005025,14341890
1005033,14341971
1005041,14342051
1005049,14342132
1005057,14342213
1005066,14342304
1005074,14342384
1005082,14342465
1005090,14342546
1005098,14342626
1005106,14342707
1005114,14342788
1005123,14342879
1005131,14342959
1005139,14343040
1005147,14343121
1005155,14343201
1005163,14343282
1005172,14343373
1005180,14343454
1005188,14343534
1005196,14343615
1005204,14343696
1005212,14343776
1005220,14343857
1005229,14343948
1005237,14344029
1005245,14344109
1005253,14344190
1005261,14344271
1005269,14344351
1005277,14344432
1005286,14344523
1005294,14344604
1005302,14344684
1005310,14344765
1005318,14344846
1005326,14344926
1005335,14345017
1005343,14345098
1005351,14345179
1005359,14345259
1005367,14345340
1005375,14345421
1005383,14345501
1005392,14345592
1005400,14345673
1005408,14345754
1005416,14345834
1005424,14345915
1005432,14345996
1005440,14346076
1005449,14346167
1005457,14346248
1005465,14346329
1005473,14346409
1005481,14346490
1005489,14346571
1005498,14346662
1005506,14346742
1005514,14346823
1005522,14346904
1005530,14346984
1005538,14347065
1005546,14347146
1005555,14347237
1005563,14347317
1005571,14347398
1005579,14347479
1005587,14347559
1005595,14347640
1005603,14347721
1005612,14347812
1005620,14347892
1005628,14347973
1005636,14348054
1005644,14348134
1005652,14348215
1005661,14348306
1005669,14348387
1005677,14348467
1005685,14348548
1005693,14348629
1005701,14348710
1005709,14348790
1005718,14348881
1005726,14348962
1005734,14349042
1005742,14349123
1005750,14349204
1005758,14349285
1005766,14349365
1005775,14349456
1005783,14349537
1005791,14349618
1005799,14349698
1005807,14349779
1005815,14349860
1005824,14349950
1005832,14350031
1005840,14350112
1005848,14350193
1005856,14350273
1005864,14350354
1005872,14350435
1005881,14350526
1005889,14350606
1005897,14350687
1005905,14350768
1005913,14350848
1005921,14350929
1005929,14351010
1005938,14351101
1005946,14351181
1005954,14351262
1005962,14351343
1005970,14351423
1005978,14351504
1005986,14351585
1005995,14351676
1006003,14351756
1006011,14351837
1006019,14351918
1006027,14351999
1006035,14352079
1006044,14352170
1006052,14352251
1006060,14352331
1006068,14352412
1006076,14352493
1006084,14352574
1006092,14352654
1006101,14352745
1006109,14352826
1006117,14352907
1006125,14352987
1006133,14353068
1006141,14353149
1006149,14353229
1006158,14353320
1006166,14353401
1006174,14353482
1006182,14353562
1006190,14353643
1006198,14353724
1006207,14353815
1006215,14353895
1006223,14353976
1006231,14354057
1006239,14354138
1006247,14354218
1006255,14354299
1006264,14354390
1006272,14354470
1006280,14354551
1006288,14354632
1006296,14354713
1006304,14354793
1006312,14354874
1006321,14354965
1006329,14355046
1006337,14355126
1006345,14355207
1006353,14355288
1006361,14355368
1006370,14355459
1006378,14355540
1006386,14355621
1006394,14355701
1006402,14355782
1006410,14355863
1006418,14355944
1006427,14356034
1006435,14356115
1006443,14356196
1006451,14356277
1006459,14356357
1006467,14356438
1006475,14356519
1006484,14356610
1006492,14356690
1006500,14356771
1006508,14356852
1006516,14356932
1006524,14357013
1006533,14357104
1006541,14357185
1006549,14357265
1006557,14357346
1006565,14357427
1006573,14357508
1006581,14357588
1006590,14357679
1006598,14357760
1006606,14357841
1006614,14357921
1006622,14358002
1006630,14358083
1006638,14358164
1006647,14358254
1006655,14358335
1006663,14358416
1006671,14358497
1006679,14358577
1006687,14358658
1006696,14358749
1006704,14358830
1006712,14358910
1006720,14358991
1006728,14359072
1006736,14359152
1006744,14359233
1006753,14359324
1006761,14359405
1006769,14359485
1006777,14359566
1006785,14359647
1006793,14359728
1006801,14359808
1006810,14359899
1006818,14359980
1006826,14360061
1006834,14360141
1006842,14360222
1006850,14360303
1006859,14360394
1006867,14360474
1006875,14360555
1006883,14360636
1006891,14360717
1006899,14360797
1006907,14360878
1006916,14360969
1006924,14361050
1006932,14361130
1006940,14361211
1006948,14361292
1006956,14361372
1006964,14361453
1006973,14361544
1006981,14361625
1006989,14361705
1006997,14361786
1007005,14361867
1007013,14361948
1007022,14362038
1007030,14362119
1007038,14362200
1007046,14362281
1007054,14362361
1007062,14362442
1007070,14362523
1007079,14362614
1007087,14362694
1007095,14362775
1007103,14362856
1007111,14362937
1007119,14363017
1007127,14363098
1007136,14363189
1007144,14363270
1007152,14363350
1007160,14363431
1007168,14363512
1007176,14363593
1007184,14363673
1007193,14363764
1007201,14363845
1007209,14363926
1007217,14364006
1007225,14364087
1007233,14364168
1007242,14364259
1007250,14364339
1007258,14364420
1007266,14364501
1007274,14364582
1007282,14364662
1007290,14364743
1007299,14364834
1007307,14364915
1007315,14364995
1007323,14365076
1007331,14365157
1007339,14365238
1007347,14365318
1007356,14365409
1007364,14365490
1007372,14365571
1007380,14365651
1007388,14365732
1007396,14365813
1007405,14365904
1007413,14365984
1007421,14366065
1007429,14366146
1007437,14366227
1007445,14366307
1007453,14366388
1007462,14366479
1007470,14366560
1007478,14366640
1007486,14366721
1007494,14366802
1007502,14366883
1007510,14366963
1007519,14367054
1007527,14367135
1007535,14367216
1007543,14367296
1007551,14367377
1007559,14367458
1007568,14367549
1007576,14367629
1007584,14367710
1007592,14367791
1007600,14367872
1007608,14367952
1007616,14368033
1007625,14368124
1007633,14368205
1007641,14368285
1007649,14368366
1007657,14368447
1007665,14368528
1007673,14368608
1007682,14368699
1007690,14368780
1007698,14368861
1007706,14368942
1007714,14369022
1007722,14369103
1007731,14369194
1007739,14369275
1007747,14369355
1007755,14369436
1007763,14369517
1007771,14369598
1007779,14369678
1007788,14369769
1007796,14369850
1007804,14369931
1007812,14370011
1007820,14370092
1007828,14370173
1007836,14370254
1007845,14370344
1007853,14370425
1007861,14370506
1007869,14370587
1007877,14370667
1007885,14370748
1007894,14370839
1007902,14370920
1007910,14371001
1007918,14371081
1007926,14371162
1007934,14371243
1007942,14371323
1007951,14371414
1007959,14371495
1007967,14371576
1007975,14371657
1007983,14371737
1007991,14371818
1007999,14371899
1008008,14371990
1008016,14372070
1008024,14372151
1008032,14372232
1008040,14372313
1008048,14372393
1008057,14372484
1008065,14372565
1008073,14372646
1008081,14372726
1008089,14372807
1008097,14372888
1008105,14372969
1008114,14373060
1008122,14373140
1008130,14373221
1008138,14373302
1008146,14373383
1008154,14373463
1008162,14373544
1008171,14373635
1008179,14373716
1008187,14373796
1008195,14373877
1008203,14373958
1008211,14374039
1008219,14374119
1008228,14374210
1008236,14374291
1008244,14374372
1008252,14374453
1008260,14374533
1008268,14374614
1008277,14374705
1008285,14374786
1008293,14374866
1008301,14374947
1008309,14375028
1008317,14375109
1008325,14375189
1008334,14375280
1008342,14375361
1008350,14375442
1008358,14375523
1008366,14375603
1008374,14375684
1008382,14375765
1008391,14375856
1008399,14375936
1008407,14376017
1008415,14376098
1008423,14376179
1008431,14376259
1008440,14376350
1008448,14376431
1008456,14376512
1008464,14376593
1008472,14376673
1008480,14376754
1008488,14376835
1008497,14376926
1008505,14377006
1008513,14377087
1008521,14377168
1008529,14377249
1008537,14377329
1008545,14377410
1008554,14377501
1008562,14377582
1008570,14377663
1008578,14377743
1008586,14377824
1008594,14377905
1008603,14377996
1008611,14378076
1008619,14378157
1008627,14378238
1008635,14378319
1008643,14378399
1008651,14378480
1008660,14378571
1008668,14378652
1008676,14378733
1008684,14378813
1008692,14378894
1008700,14378975
1008708,14379056
1008717,14379146
1008725,14379227
1008733,14379308
1008741,14379389
1008749,14379470
1008757,14379550
1008766,14379641
1008774,14379722
1008782,14379803
1008790,14379883
1008798,14379964
1008806,14380045
1008814,14380126
1008823,14380217
1008831,14380297
1008839,14380378
1008847,14380459
1008855,14380540
1008863,14380620
1008871,14380701
1008880,14380792
1008888,14380873
1008896,14380954
1008904,14381034
1008912,14381115
1008920,14381196
1008929,14381287
1008937,14381367
1008945,14381448
1008953,14381529
1008961,14381610
1008969,14381690
1008977,14381771
1008986,14381862
1008994,14381943
1009002,14382024
1009010,14382104
1009018,14382185
1009026,14382266
1009034,14382347
1009043,14382438
1009051,14382518
1009059,14382599
1009067,14382680
1009075,14382761
1009083,14382841
1009092,14382932
1009100,14383013
1009108,14383094
1009116,14383175
1009124,14383255
1009132,14383336
1009140,14383417
1009149,14383508
1009157,14383588
1009165,14383669
1009173,14383750
1009181,14383831
1009189,14383912
1009197,14383992
1009206,14384083
1009214,14384164
1009222,14384245
1009230,14384325
1009238,14384406
1009246,14384487
1009255,14384578
1009263,14384659
1009271,14384739
1009279,14384820
1009287,14384901
1009295,14384982
1009303,14385062
1009312,14385153
1009320,14385234
1009328,14385315
1009336,14385396
1009344,14385476
1009352,14385557
1009360,14385638
1009369,14385729
1009377,14385810
1009385,14385890
1009393,14385971
1009401,14386052
1009409,14386133
1009417,14386213
1009426,14386304
1009434,14386385
1009442,14386466
1009450,14386547
1009458,14386627
1009466,14386708
1009475,14386799
1009483,14386880
1009491,14386961
1009499,14387041
1009507,14387122
1009515,14387203
1009523,14387284
1009532,14387375
1009540,14387455
1009548,14387536
1009556,14387617
1009564,14387698
1009572,14387778
1009580,14387859
1009589,14387950
1009597,14388031
1009605,14388112
1009613,14388192
1009621,14388273
1009629,14388354
1009638,14388445
1009646,14388526
1009654,14388606
1009662,14388687
1009670,14388768
1009678,14388849
1009686,14388929
1009695,14389020
1009703,14389101
1009711,14389182
1009719,14389263
1009727,14389343
1009735,14389424
1009743,14389505
1009752,14389596
1009760,14389677
1009768,14389757
1009776,14389838
1009784,14389919
1009792,14390000
1009801,14390091
1009809,14390171
1009817,14390252
1009825,14390333
1009833,14390414
1009841,14390495
1009849,14390575
1009858,14390666
1009866,14390747
1009874,14390828
1009882,14390909
1009890,14390989
1009898,14391070
1009906,14391151
1009915,14391242
1009923,14391323
1009931,14391403
1009939,14391484
1009947,14391565
1009955,14391646
1009964,14391736
1009972,14391817
1009980,14391898
1009988,14391979
1009996,14392060
1010004,14392140
1010012,14392221
1010021,14392312
1010029,14392393
1010037,14392474
1010045,14392554
1010053,14392635
1010061,14392716
1010069,14392797
1010078,14392888
1010086,14392968
1010094,14393049
1010102,14393130
1010110,14393211
1010118,14393292
1010127,14393382
1010135,14393463
1010143,14393544
1010151,14393625
1010159,14393706
1010167,14393786
1010175,14393867
1010184,14393958
1010192,14394039
1010200,14394120
1010208,14394200
1010216,14394281
1010224,14394362
1010232,14394443
1010241,14394534
1010249,14394614
1010257,14394695
1010265,14394776
1010273,14394857
1010281,14394938
1010290,14395028
1010298,14395109
1010306,14395190
1010314,14395271
1010322,14395352
1010330,14395432
1010338,14395513
1010347,14395604
1010355,14395685
1010363,14395766
1010371,14395846
